"Город";"Куда";"до";"в(где)";"Поддомены";"Транспортная компания 1 ";"Адрес "
"Абакан";"Абакан";"Абакана";"Абакане";"abakan";"Деловые Линии";"Заводская ул., 1В"
"Барнаул";"Барнаул";"Барнаула";"Барнауле";"barnaul";"Деловые Линии";"Балтийская ул, 84"
"Белгород";"Белгород";"Белгорода";"Белгороде";"belgorod";"Деловые Линии";"Коммунальная ул., 18"
"Бийск";"Бийск";"Бийска";"Бийске";"biysk";"Деловые Линии";"Шадрина ул., 64"
"Благовещенск";"Благовещенск";"Благовещенска";"Благовещенске";"Blagoveschensk";"Деловые Линии";"Студенческая ул., 15"
"Брянск";"Брянск";"Брянска";"Брянске";"briansk";"Деловые Линии";"Бурова ул., 20"
"Владивосток";"Владивосток";"Владивостока";"Владивостоке";"Vladivostok";"Деловые Линии";"Посадская ул., 20 (въезд со Снеговой ул.)"
"Владимир";"Владимир";"Владимира";"Владимире";"vladimir";"Деловые Линии";"Куйбышева ул., 4"
"Волгоград";"Волгоград";"Волгограда";"Волгограде";"volgograd";"Деловые Линии";"Гумрак, Моторная ул., 9а"
"Вологда";"Вологду";"Вологды";"Вологде";"vologda";"Деловые Линии";"Северная ул., 27"
"Воронеж";"Воронеж";"Воронежа";"Воронеже";"voronezh";"Деловые Линии";"Торпедо ул., 45в"
"Екатеринбург";"Екатеринбург";"Екатеринбурга";"Екатеринбурге";"ekb";"Деловые Линии";"Черняховского ул., 86/7"
"Златоуст";"Златоуст";"Златоуста";"Златоусте";"zlatoust";"КИТ";"Таганайская, 204/5"
"Иваново";"Иваново";"Иванова";"Иванове";"ivanovo";"Деловые Линии";"Суздальская ул., 16а"
"Ижевск";"Ижевск";"Ижевска";"Ижевске";"izhevsk";"Деловые Линии";"Маяковского ул., 35"
"Йошкар-Ола";"Йошкар-Олу";"Йошкар-Олы";"Йошкар-Оле";"yoshkarola";"Деловые Линии";"Строителей ул., 76а"
"Иркутск";"Иркутск";"Иркутска";"Иркутске";"irkutsk";"Деловые Линии";"Набережная Иркута ул., 1/1"
"Казань";"Казань";"Казани";"Казани";"kazan";"Деловые Линии";"Аделя Кутуя ул., 151"
"Калининград";"Калининград";"Калининграда";"Калининграде";"kaliningrad";"Деловые Линии";"Московский пр., 184"
"Калуга";"Калугу";"Калуги";"Калуге";"kaluga";"Деловые Линии";"Грабцевское ш.,107"
"Кемерово";"Кемерово";"Кемерова";"Кемерове";"kemerovo";"Деловые Линии";"Тухачевского ул., 60"
"Киров";"Киров";"Кирова";"Кирове";"kirov";"Деловые Линии";"Щорса ул., 105"
"Кострома";"Кострому";"Костромы";"Костроме";"kostroma";"Деловые Линии";"Мира пр., 116"
"Краснодар";"Краснодар";"Краснодара";"Краснодаре";"krasnodar";"Деловые Линии";"А. Покрышкина ул., 2/4"
"Красноярск";"Красноярск";"Красноярска";"Красноярске";"krasnoyarsk";"Деловые Линии";"Северное ш., 17"
"Курск";"Курск";"Курска";"Курске";"kursk";"Деловые Линии";"50 лет Октября ул., 179 в1"
"Липецк";"Липецк";"Липецка";"Липецке";"lipetsk";"Деловые Линии";"Трубный проезд, 17б"
"Магадан";"Магадан";"Магадана";"Магадане";"magadan";"Желдорэкспедиция";"пер. Марчеканский, д. 25"
"Миасс";"Миасс";"Миасса";"Миассе";"miass";"КИТ";"Хлебозаводская, 1а "
"Москва";"Москву";"Москвы";"Москве";"moskow";;
"Мурманск";"Мурманск";"Мурманска";"Мурманске";"murmansk";"Деловые Линии";"Промышленная ул., 19, Деловой центр ""Гринвич"", въезд с Домостроительной ул., 8"
"Нальчик";"Нальчик";"Нальчика";"Нальчике";"nalchik";"Желдорэкспедиция";"ул. Циолковского, 7 Б"
"Находка";"Находку";"Находки";"Находке";"nahodka";"КИТ";"Шоссейная, 68 "
"Нефтекамск";"Нефтекамск";"Нефтекамска";"Нефтекамске";"neftekamsk";"КИТ";"Высоковольтная, 2 "
"Нижний Новгород";"Нижний Новгород";"Нижнго Новгорода";"Нижнем Новгороде";"NizhniyNovgorod";"Деловые Линии";"Московское ш., 52"
"Новокузнецк";"Новокузнецк";"Новокузнецка";"Новокузнецке";"novokuznetsk";"Деловые Линии";"Полесская ул., 15"
"Новороссийск";"Новороссийск";"Новороссийска";"Новороссийске";"novorossiysk";"Деловые Линии";"с. Цемдолина, Промышленная ул., 1"
"Новосибирск";"Новосибирск";"Новосибирска";"Новосибирске";"novosibirsk";"Деловые Линии";"Петухова ул., 79/3 ( Северный проезд, 47)"
"Омск";"Омск";"Омска";"Омске";"omsk";"Деловые Линии";"10 лет Октября ул., 180 Б лит. Б"
"Орел";"Орел";"Орла";"Орле";"orel";"Деловые Линии";"Ливенская ул., 68а"
"Оренбург";"Оренбург";"Оренбурга";"Оренбурге";"orenburg";"Деловые Линии";"Центральная ул., 1"
"Орск";"Орск";"Орска";"Орске";"orsk";"Деловые Линии";"Грозненская ул., 4"
"Пенза";"Пензу";"Пензы";"Пензе";"penza";"Деловые Линии";"Совхозная ул., 15з"
"Пермь";"Пермь";"Перми";"Перми";"perm";"Деловые Линии";"Танкистов ул., 50"
"Петрозаводск";"Петрозаводск";"Петрозаводска";"Петрозаводске";"petrozavodsk";"Деловые Линии";"Коммунистов ул., 50"
"Псков";"Псков";"Пскова";"Пскове";"pskov";"Деловые Линии";"Генерала Маргелова ул., 47"
"Ростов-на-Дону";"Ростов-на-Дону";"Ростова-на-Дону";"Ростове-на-Дону";"rostov";"Деловые Линии";"Малиновского ул., 3"
"Рязань";"Рязань";"Рязани";"Рязани";"ryazan";"Деловые Линии";"Окружная дорога, 185 км, стр. 6а"
"Самара";"Самару";"Самары";"Самаре";"samara";"Деловые Линии";"Демократическая ул., 45а"
"Санкт-Петербург";"Санкт-Петербург";"Санкт-Петербурга";"Санкт-Петербурге";"Peterburg";;
"Саратов";"Саратов";"Саратова";"Саратове";"saratov";"Деловые Линии";"ВСО п. Строитель, склады ""Логистик-центра"""
"Смоленск";"Смоленск";"Смоленска";"Смоленске";"smolensk";"Деловые Линии";"Кашена ул., 23"
"Сочи";"Сочи";"Сочи";"Сочи";"sochi";"Деловые Линии";"Краснодонская ул., 64"
"Ставрополь";"Ставрополь";"Ставрополя";"Ставрополье";"stavropol";"Деловые Линии";"Кулакова пр., 28б"
"Сургут";"Сургут";"Сургута";"Сургуте";"surgut";"Деловые Линии";"п. Восточный промрайон, Сосновая ул., 12 стр. 5"
"Сыктывкар";"Сыктывкар";"Сыктывкара";"Сыктывкаре";"syktyvkar";"Деловые Линии";"Сысольское ш., 33"
"Таганрог";"Таганрог";"Таганрога";"Таганроге";"taganrog";"Деловые Линии";"Чучева ул., 1"
"Тамбов";"Тамбов";"Тамбова";"Тамбове";"tambov";"Деловые Линии";"Островитянова ул., 9б"
"Тверь";"Тверь";"Твери";"Твери";"tver";"Деловые Линии";"п. Элеватор, 3-й переулок, 6, стр. 1"
"Тольятти";"Тольятти";"Тольятти";"Тольятти";"tolyatti";"Деловые Линии";"Коммунальная ул., 23"
"Томск";"Томск";"Томска";"Томске";"tomsk";"Деловые Линии";"Пушкина ул., 63, стр. 10"
"Тула";"Тулу";"Тулы";"Туле";"tula";"Деловые Линии";"д. Нижнее Елькино, 77"
"Тюмень";"Тюмень";"Тюмени";"Тюмени";"tyumen";"Деловые Линии";"Ялуторовский тракт, 11 км, 9д"
"Улан-Удэ";"Улан-Удэ";"Улан-Удэ";"Улан-Удэ";"ulan-ude";"Желдорэкспедиция";"ул. Дальненагорная, д. 62Б"
"Ульяновск";"Ульяновск";"Ульяновска";"Ульяновске";"ulyanovsk";"Деловые Линии";"ул. Ефремова, 52"
"Уфа";"Уфу";"Уфы";"Уфе";"ufa";"Деловые Линии";"Майкопская ул., 59."
"Хабаровск";"Хабаровск";"Хабаровска";"Хабаровске";"habarovsk";"Деловые Линии";"Целинная ул., 8"
"Ханты-Мансийск";"Ханты-Мансийск";"Ханты-Мансийска";"Ханты-Мансийске";"khanty-mansiysk";"Деловые Линии";"Объездная ул., 3"
"Чебоксары";"Чебоксары";"Чебоксар";"Чебоксарах";"cheboksary";"Деловые Линии";"Канашское ш., 7/1"
"Челябинск";"Челябинск";"Челябинска";"Челябинске";"Chelyabinsk";"Деловые Линии";"Свердловский тракт, 5"
"Чита";"Читу";"Читы";"Чите";"chita";"Деловые Линии";"Сухая Падь ул., 3"
"Якутск";"Якутск";"Якутска";"Якутске";"yakutsk";"Желдорэкспедиция";"ул. Автодорожная, 4/9"
"Ярославль";"Ярославль";"Ярославля";"Ярославле";"yaroslavl";"Деловые Линии";"Промышленная ул., 18д"
